{
  "lang":"en",
  "name":"pipeline",
  "version":"0.0.0",
  "spacy_version":">=3.8.7,<3.9.0",
  "description":"",
  "author":"",
  "email":"",
  "url":"",
  "license":"",
  "spacy_git_version":"4b65aa7",
  "vectors":{
    "width":0,
    "vectors":0,
    "keys":0,
    "name":null,
    "mode":"default"
  },
  "labels":{
    "tok2vec":[

    ],
    "ner":[
      "College Name",
      "Companies worked at",
      "Degree",
      "Designation",
      "Email Address",
      "Location",
      "Name",
      "Skills"
    ]
  },
  "pipeline":[
    "tok2vec",
    "ner"
  ],
  "components":[
    "tok2vec",
    "ner"
  ],
  "disabled":[

  ],
  "performance":{
    "ents_f":0.3853541417,
    "ents_p":0.4652173913,
    "ents_r":0.3288934426,
    "ents_per_type":{
      "Name":{
        "p":0.8979591837,
        "r":0.8,
        "f":0.8461538462
      },
      "Designation":{
        "p":0.5657894737,
        "r":0.3613445378,
        "f":0.441025641
      },
      "Email Address":{
        "p":0.6764705882,
        "r":0.9019607843,
        "f":0.7731092437
      },
      "Degree":{
        "p":0.5535714286,
        "r":0.4492753623,
        "f":0.496
      },
      "Skills":{
        "p":0.2312138728,
        "r":0.1152737752,
        "f":0.1538461538
      },
      "Companies worked at":{
        "p":0.3738317757,
        "r":0.2285714286,
        "f":0.2836879433
      },
      "College Name":{
        "p":0.4107142857,
        "r":0.3432835821,
        "f":0.3739837398
      },
      "Location":{
        "p":0.5142857143,
        "r":0.5806451613,
        "f":0.5454545455
      }
    },
    "tok2vec_loss":838.549146605,
    "ner_loss":1947.3790283203
  }
}