{
  "lang":"en",
  "name":"pipeline",
  "version":"0.0.0",
  "spacy_version":">=3.8.7,<3.9.0",
  "description":"",
  "author":"",
  "email":"",
  "url":"",
  "license":"",
  "spacy_git_version":"4b65aa7",
  "vectors":{
    "width":0,
    "vectors":0,
    "keys":0,
    "name":null,
    "mode":"default"
  },
  "labels":{
    "tok2vec":[

    ],
    "ner":[
      "College Name",
      "Companies worked at",
      "Degree",
      "Designation",
      "Email Address",
      "Location",
      "Name",
      "Skills"
    ]
  },
  "pipeline":[
    "tok2vec",
    "ner"
  ],
  "components":[
    "tok2vec",
    "ner"
  ],
  "disabled":[

  ],
  "performance":{
    "ents_f":0.3696930111,
    "ents_p":0.5099099099,
    "ents_r":0.2899590164,
    "ents_per_type":{
      "Name":{
        "p":0.9268292683,
        "r":0.6909090909,
        "f":0.7916666667
      },
      "Designation":{
        "p":0.6,
        "r":0.3529411765,
        "f":0.4444444444
      },
      "Email Address":{
        "p":0.7777777778,
        "r":0.6862745098,
        "f":0.7291666667
      },
      "Skills":{
        "p":0.2530864198,
        "r":0.1181556196,
        "f":0.1611001965
      },
      "Degree":{
        "p":0.5657894737,
        "r":0.6231884058,
        "f":0.5931034483
      },
      "Companies worked at":{
        "p":0.4047619048,
        "r":0.1942857143,
        "f":0.2625482625
      },
      "College Name":{
        "p":0.5238095238,
        "r":0.328358209,
        "f":0.4036697248
      },
      "Location":{
        "p":0.8,
        "r":0.3010752688,
        "f":0.4375
      }
    },
    "tok2vec_loss":891.3547234567,
    "ner_loss":2015.4459228516
  }
}